Workbook
Name aporte_mensal_calc_rapida: Planilha1!$E$5
Name aporte_mensal_carteira: Planilha1!$E$15
Name aporte_mensal_perfil_invest: Planilha1!$E$28
Name perfil_invest: Planilha1!$E$27
Name recomendacao_aporte: Planilha1!$E$16
Name rendimento_medio_carteira: Planilha1!$E$14
Name rendimento_mensal_calc_rapida: Planilha1!$E$7
Name salario: Planilha1!$E$13
Name tempo_de_invest_calc_rapida: Planilha1!$E$6

Sheet Planilha1
B4: Calculadora rápida | E4: Interativas
B5: Quanto investir por mês? | E5: 500
B6: Por quantos anos? | E6: 0.6
B7: Taxa de rendimento mensal | E7: 0.01
B8: Patrimonio acumulado | E8: =FV(E7,E6*12,E5*-1) -> 3713.5548
B9: Dividendos mensais | E9: =E8*E7 -> 37.135548
B12: CONFIGURAÇÕES DA CARTEIRA
B13: Salario | E13: 1600
B14: Rendimento médio da carteira | E14: 0.01
B15: Aporte mensal | E15: 300
B16: Recomendação de aporte de acordo com salario | E16: =30%*E13 -> 480
B19: Cenarios da carteira | D19: Acumulo | E19: Dividendos
B20: 10 anos | D20: =FV($E$14,10*12,E$15*-1) -> 69011.607 | E20: =$D20*$E$14 -> 690.11607
B21: 20 anos | D21: =FV($E$14,20*12,E$15*-1) -> 296776.61 | E21: =$D21*$E$14 -> 2967.7661
B22: 30 anos | D22: =FV($E$14,30*12,E$15*-1) -> 1048489.2 | E22: =$D22*$E$14 -> 10484.892
B23: 40 anos | D23: =FV($E$14,40*12,E$15*-1) -> 3529431.8 | E23: =$D23*$E$14 -> 35294.318
B24: 50 anos | D24: =FV($E$14,50*12,E$15*-1) -> 11717502 | E24: =$D24*$E$14 -> 117175.02
B27: PERFIL | E27: Conservador
B28: Valor do aporte mensal: | E28: 300
B29: Tipos de Fills | D29: % Sugerida | E29: Valores
B30: Papel | D30: =VLOOKUP($E$27&"-"&B30,Planilha2!A:D,4,) -> 0.4 | E30: =$E$28*$D30 -> 120
B31: Tijolo | D31: =VLOOKUP($E$27&"-"&B31,Planilha2!A:D,4,) -> 0.1 | E31: =$E$28*$D31 -> 30
B32: Hibrido | D32: =VLOOKUP($E$27&"-"&B32,Planilha2!A:D,4,) -> 0.2 | E32: =$E$28*$D32 -> 60
B33: FoFs | D33: =VLOOKUP($E$27&"-"&B33,Planilha2!A:D,4,) -> 0.3 | E33: =$E$28*$D33 -> 90
B34: Desenvolvimento | D34: =VLOOKUP($E$27&"-"&B34,Planilha2!A:D,4,) -> 0 | E34: =$E$28*$D34 -> 0
B35: Hotelarias | D35: =VLOOKUP($E$27&"-"&B35,Planilha2!A:D,4,) -> 0 | E35: =$E$28*$D35 -> 0
B36: TOTAL | D36: =SUM(D30:D35) -> 1 | E36: =SUM(E30:E35) -> 300

Sheet Planilha2
A2: Chave composta | B2: Perfil | C2: Tipos de Fills | D2: % sugerido
A3: =B3&"-"&C3 -> Conservador-Papel | B3: Conservador | C3: Papel | D3: 0.4
A4: =B4&"-"&C4 -> Conservador-Tijolo | B4: Conservador | C4: Tijolo | D4: 0.1
A5: =B5&"-"&C5 -> Conservador-Hibrido | B5: Conservador | C5: Hibrido | D5: 0.2 | F5: Conservador-Papel | G5: =VLOOKUP(F5,$A:$D,4,FALSE) -> 0.4
A6: =B6&"-"&C6 -> Conservador-FoFs | B6: Conservador | C6: FoFs | D6: 0.3
A7: =B7&"-"&C7 -> Conservador-Desenvolvimento | B7: Conservador | C7: Desenvolvimento | D7: 0
A8: =B8&"-"&C8 -> Conservador-Hotelarias | B8: Conservador | C8: Hotelarias | D8: 0
A9: =B9&"-"&C9 -> Moderado-Papel | B9: Moderado | C9: Papel | D9: 0.25
A10: =B10&"-"&C10 -> Moderado-Tijolo | B10: Moderado | C10: Tijolo | D10: 0.3
A11: =B11&"-"&C11 -> Moderado-Hibrido | B11: Moderado | C11: Hibrido | D11: 0.25
A12: =B12&"-"&C12 -> Moderado-FoFs | B12: Moderado | C12: FoFs | D12: 0.15
A13: =B13&"-"&C13 -> Moderado-Desenvolvimento | B13: Moderado | C13: Desenvolvimento | D13: 0
A14: =B14&"-"&C14 -> Moderado-Hotelarias | B14: Moderado | C14: Hotelarias | D14: 0.05
A15: =B15&"-"&C15 -> Agressivo-Papel | B15: Agressivo | C15: Papel | D15: 0.2
A16: =B16&"-"&C16 -> Agressivo-Tijolo | B16: Agressivo | C16: Tijolo | D16: 0.3
A17: =B17&"-"&C17 -> Agressivo-Hibrido | B17: Agressivo | C17: Hibrido | D17: 0.15
... A20: =B20&"-"&C20 -> Agressivo-Hotelarias | B20: Agressivo | C20: Hotelarias | D20: 0.1
